query,title,sentence
人工知能,人工知能,画像生成の技術としては、VAE、GAN、拡散モデルといった大きく分けて三種類が存在する。
人工知能,人工知能,データセンターの電力消費に既存の電力網が追いつかず、無用の長物となるリスクも生じている。
人工知能,人工知能,EU全体としても、「Horizon 2020」計画を通じて、215億ユーロが投じられる方向。
人工知能,人工知能,人工知能は目標を最大化することを正しく学習していたが、その結果は社会にとって有害であった。
人工知能,人工知能,透明性の問題にはいくつかの解決策がある。
人工知能,人工知能学会,また、人工知能学会ではフェローや名誉会員といった称号を授与している。
人工知能,人工知能学会,編集委員会が編集を担当する。
人工知能,フィクションにおける人工知能,『マトリックス』（1999年）では、AIが人類の支配を実現した世界を舞台としている。
人工知能,フィクションにおける人工知能,ISBN 4-7835-0191-2。
人工知能,フィクションにおける人工知能,しかし、Golem XIV は戦争や暴力は非論理的だとして、戦争への協力を拒み、哲学者になる。
人工知能,フィクションにおける人工知能,ウィル博士とエヴリンは死亡したが、全世界に放出したナノマシンは汚染された水と生物を浄化していた。
人工知能,フィクションにおける人工知能,人間が全く操作しなくとも走行できる自動車は、フィクションにおいてもしばしば登場してきた。
人工知能,技術的特異点,ジェラルド・S・ホーキンズは『宇宙へのマインドステップ』（白揚社、1988年2月。
人工知能,技術的特異点,彼らは、技術的マイルストーンやエネルギー制御方法や情報量などで文明発展の度合いを測った。
人工知能,技術的特異点,また前掲書でカーツワイルは、特異点によってもたらされる未来世界の説明として、次の寸劇を描いている。
人工知能,技術的特異点,東浩紀は「けれどもカーツワイルの本を実際に読んでみると、その根拠はかなり薄弱であることに気がつく。
人工知能,技術的特異点,2026年には大規模言語モデル（LLM）の学習に使えるデータが枯渇するとの予測がある。
人工知能,知能,学習とは、事実や情報または能力を保持し、将来の使用のためにそれらを思い出すことができることを指す。
人工知能,知能,知能（ちのう、英: Intelligence）は多くの方法で定義されてきた。
人工知能,知能,これらの研究者たちは、特定の種における精神能力の研究と、種間での能力の比較の両方に関心を持っている。
人工知能,知能,一部の研究者は植物が知能の形態を示すと示唆しているが、これは依然として議論の的となっている。
人工知能,知能,この用語は1900年代初頭に注目を集めるようになった。
人工知能,デジモンユニバース アプリモンスターズ,カードゲーム1弾ブースターに収録されていたカードに登場。
人工知能,デジモンユニバース アプリモンスターズ,世界のグリニッジ標準時であるグリニッジ天文台を神様と尊敬している。
人工知能,デジモンユニバース アプリモンスターズ,機械のような体をしている。
人工知能,デジモンユニバース アプリモンスターズ,アプモンによる事件の被害によく巻き込まれており、その度に「ノーウ!!」と絶叫している。
人工知能,デジモンユニバース アプリモンスターズ,データカードダス1弾、2弾に収録されていたカードおよびアプモンチップに登場。
人工知能,アメリカ人工知能学会,これらの学会に提出された論文は、アクセプト後 AAAI Press にて公開される。
人工知能,アメリカ人工知能学会,2014年まではこの2つは隔年で開催していた。
人工知能,アメリカ人工知能学会,2016年度の開催時期も同様である。
人工知能,アメリカ人工知能学会,単にAAAI，あるいは「今年のAAAI」などと呼ぶ場合は、この学会のことをさす場合もある。
人工知能,アメリカ人工知能学会,世界中に6，000人以上の会員がいる。
人工知能,コンピュータ,世界のパソコン出荷台数がピークの3億5280万台に達する。
人工知能,コンピュータ,1905年 イギリスの物理学者のジョン・フレミングが二極真空管を発明。
人工知能,コンピュータ,サーバ・デスクトップPC・ノートPCは、2019年時点で20億台を超えると推計されている。
人工知能,コンピュータ,Multicsが開発される。
人工知能,コンピュータ,ゲイリー・キルドールが8ビットCPU（8080）用のディスクオペレーティングシステムCP/Mを開発。
人工知能,強いAIと弱いAI,脳自体は感じていないが、感覚を生じている。
人工知能,強いAIと弱いAI,一旦このようなモデルが構築されれば、変更は容易であり、試行錯誤的な実験が可能となる。
人工知能,強いAIと弱いAI,つまり、合成知能（あるいは人工知能）と自然に発生する知能の境界は何かという問題である。
人工知能,強いAIと弱いAI,シミュレーションする神経細胞数が増えれば、必要な計算能力は増大する。
人工知能,強いAIと弱いAI,シミュレーションの具体的な形式は様々である。
人工知能,マービン・ミンスキー,ミンスキーはローブナー賞には批判的である。
人工知能,マービン・ミンスキー,ミンスキーは以下の組織・団体に加入している。
人工知能,マービン・ミンスキー,この本の草稿は彼のウェブページで無料で公開されている。
人工知能,マービン・ミンスキー,現在ダートマス会議として知られる会議の発起人の一人。
人工知能,マービン・ミンスキー,ミンスキーは3人の子をもうけた。
大学,大学,第二のタイプはパリにおけるもので、教師は教会から給料を支払われる。
大学,大学,20世紀になってからは、欧米以外の世界の各国でも多くの大学が誕生してくるようになる。
大学,大学,課程は主題やテーマによってではなく書物に従って設けられる。
大学,大学,したがって、パリではヨーロッパ中からの教師にとって第一の場所になった。
大学,大学,大学の研究は学士号のために6年かかり、修士号や博士号のためにはさらに12年に及んだ。
大学,東京大学,1891年（明治24年）8月 法科大学の修業年限を3年から4年に延長した。
大学,東京大学,アメリカンフットボール部や漕艇部、硬式野球部、応援部は有名である。
大学,東京大学,戦前の六大学野球では校歌代わりによく歌われた。
大学,東京大学,10月 文学部内に新聞研究室を開設（新聞研究所の前身）。
大学,東京大学,学生・院生・研究生・教職員・卒業生・修了生・元教職員などを会員とする財団法人。
大学,京都大学,」と定められている。
大学,京都大学,京都大学の学生寮（特に吉田寮と熊野寮）は、伝統的に学生による自治運営が行われてきた。
大学,京都大学,吉田キャンパス時計台前のクスノキを図案化したものが大学のエンブレムとして使用されている。
大学,京都大学,1976年5月 工学部附属超高温プラズマ研究施設をヘリオトロン核融合研究センターに改組。
大学,京都大学,1946年9月 食糧科学研究所附置。
大学,東海大学,明治神宮野球大会優勝3回。
大学,東海大学,跡地は、敷地の一部を阿蘇実習フィールドに転用。
大学,東海大学,放送大学学園と単位互換協定をしている。
大学,東海大学,2008年10月に、静岡大学と静岡県立大学との間で大学院連携の単位互換と学術交流を行う協定を締結。
大学,東海大学,「FM東海」（略称:FMT）は、主に後者を指すが、実用化試験局廃止後は、実験局の通称ともなった。
大学,早稲田大学,『早稲田大学教旨』、校旗、式服、式帽を制定。
大学,早稲田大学,体力練磨、集団訓練を目的に小平に錬成道場、東伏見に体練道場が設けられた。
大学,早稲田大学,大学関係者からは「100ハイ」などと呼ばれる。
大学,早稲田大学,14号館に名前を冠した「頂新国際グループ記念学生読書室」がある。
大学,早稲田大学,5月 - 大隈記念学術褒賞と小野梓記念賞を制定。
大学,日本大学,4月 - 付属藤沢中学校を設置。
大学,日本大学,1956年（昭和31年）3月 - 津田沼校地を取得（翌年工学部工業経営学科が移転）。
大学,日本大学,2月 - 日本大学図書館開館式を挙行。
大学,日本大学,大学側はこれによる学費値上げについては完全に否定した。
大学,日本大学,理工学部に数学科を設置。
大学,中央大学,9月：関東大震災により図書館と増築校舎を除き焼失。
大学,中央大学,公認会計士試験合格者数は、試験開始年から1970年頃まで1位であった。
大学,中央大学,1946年（昭和21年）4月：女子学生3名が初めて入学。
大学,中央大学,12月：中央大学設立認可を申請。
大学,中央大学,総合政策学部フレックス制廃止。
大学,筑波大学,それまでの8研究科85専攻は、学生の在学中は新組織と併存する。
大学,筑波大学,定員は約4000人であり、全て筑波キャンパスにある。
大学,筑波大学,各宿舎に入居する学群1年生の多くがクラス毎に模擬店を出すのが慣例となっている。
大学,筑波大学,以前は1年生・2年生のほぼ全員が入居したが、のちにほぼ1年生だけになった。
大学,筑波大学,1976年（昭和51年）：筑波大学附属病院を開設。
大学,九州大学,伊都キャンパス移転に伴い、2009年（平成21年）9月29日に閉校した。
大学,九州大学,「いも九」については、九大農学研究院と福徳長酒類が共同開発した芋焼酎にもその名が冠されている。
大学,九州大学,詳細は、学士会を参照。
大学,九州大学,1945年（昭和20年） - 太平洋戦争下、九州大学生体解剖事件が発生。
大学,九州大学,また、九州電力による寄附講座では九州大学と九州工業大学の合同シンポジウムが開催されている。
大学,東北大学,同年10月「過重労働の恣意（しい）的強制があった」として労災認定を受けた。
大学,東北大学,以下は2013年から2024年までの東北大学祭のテーマである。
大学,東北大学,これと同時に新たにパンショップが開店した。
大学,東北大学,Bee（蜂）という名前は旧制二高の校章の蜂に由来する。
大学,東北大学,ルポーには長年続く名物メニュー、ミルクコーラがある。
文学,文学,詳細はそれぞれの項目を参照。
文学,文学,それに反して、偽ロンギヌス(en)は『崇高論』において、感情の表現を前面に押し出した。
文学,文学,作品の文学性の基準は学者の間の数々の論争の的となってきた。
文学,文学,詩、小説、戯曲、脚本、随筆、評論などが含まれる（詳細は#形式の分類を参照）。
文学,文学,文学作品を研究・分析・批評することを文芸評論（文芸批評）という。
文学,日本文学,中国の古典語である漢文も、日本人によって創作されている場合、日本文学に含まれる。
文学,日本文学,近現代文学 - 日本近代文学会。
文学,日本文学,近代日本文学は中国・朝鮮の近代文学の形成に大きな影響を与えた。
文学,日本文学,また、歌舞伎や浄瑠璃が興り、近松門左衛門などが人気を博した。
文学,日本文学,西欧近代小説の理念が輸入され、現代的な日本語の書き言葉が生み出された。
文学,フランス文学,作品名などの後にあるリンク[1]はウィキソースなどの原典資料。
文学,フランス文学,詳細はそれぞれの記事および一覧記事を参照。
文学,フランス文学,16世紀はフランス・ルネサンスの世紀であり、ユマニスムの原則が文学に深く痕跡を残すようになる。
文学,フランス文学,カタルーニャ語やバスク語の文学もフランス国外の読者の存在によって支えられている。
文学,フランス文学,メディシス賞 - 1958年創設。
文学,文芸評論,同じ文学用語が違った定義で使われることもしばしばある。
文学,文芸評論,また、歴史学・言語学など、人文科学や社会科学を中心に他の学問領域と接点を持つ。
文学,文芸評論,研究対象には異本が存在することも多いため、底本を選ぶ作業が重要になる。
文学,文芸評論,文芸批評、または文学研究とも言うが、評論の対象や手法が多様なため、定義は曖昧である。
文学,文芸評論,テクストの語源はラテン語の「織る」から。
文学,アメリカ文学,この主題を一歩進め、自分勝手にならずに幅広いアメリカ人の体験を自身のものと同一視している。
文学,アメリカ文学,ホイットマンはまた自分で「電気の身体」と呼んだように肉体の詩人でもあった。
文学,アメリカ文学,世界恐慌時代の文学はその社会批判において無遠慮で直接的だった。
文学,アメリカ文学,おそらく当時の最も社会的に目覚めた作家だった。
文学,アメリカ文学,ブライアントはロマンチックで自然に触発された初期の詩人であり、ヨーロッパの影響から離れた。
文学,文学座,舞台初演から上演を重ねてきた杉村春子の代表作となった。
文学,文学座,2013年：「文学座アトリエの会」が、第20回読売演劇大賞芸術栄誉賞受賞。
文学,文学座,三雲孝江 - 合格したが、アナウンサーになる道を選んだ。
文学,文学座,1977年：第11回紀伊國屋演劇賞団体賞受賞。
文学,文学座,1951年4月：舞台技術研究室開設。
文学,ドイツ文学,この時代に人気のあったジャンルとして民衆本がある。
文学,ドイツ文学,その他に、この時代の抒情詩の形式として重要なのはソネット・頌歌・エピグラムなどがある。
文学,ドイツ文学,アヴァンギャルドは新式の、理論先導的な文学であり、市民文学への対抗の身振りをもって出現した。
文学,ドイツ文学,象徴主義は、およそ時を同じくする自然主義とは全く違った綱領に従っている。
文学,ドイツ文学,1970年代には西ドイツと同じく新主観主義と呼ばれるような作家も登場した。
文学,日本文学研究者,日本文学研究者（にほんぶんがくけんきゅうしゃ）は、日本文学を専攻する研究者のこと。
文学,日本文学研究者,「日本文学者」、「国文学者」とも呼ばれる。
文学,日本文学研究者,国語学者および国学者も併せて参照のこと。
文学,英文学,イギリス文学のこと。
文学,英文学,ブッカー賞を受賞した作家の多くは、もはやイギリス人ではない。
文学,英文学,広義には、地域を問わず英語で書かれた文学すべてを意味する。
文学,英文学,イギリス文学とアメリカ文学の総称。
文学,英文学,実用英語はあくまでも､それらを､より深く理解するための一手段として位置付けられている。
情報,情報,記録管理は記録の完全性を保証し、それらを必要なだけ長期間に渡って保持することを目的とする。
情報,情報,語用論が注目するのは、コミュニケーションを行おうとする者の意図である。
情報,情報,法律においては、おおむね電子計算機上の「データ」と同義で用いられる。
情報,情報,環境中で個体が活動するという生態学的事実を、情報概念によって捉える向きもある。
情報,情報,Shu-Kun Lin は新たに情報を「データ圧縮後のデータ全体」と定義した。
情報,情報技術,一人当たりの世界の通信容量は34カ月ごとに倍増した。
情報,情報技術,ITは通信を含めた概念である情報通信技術 (ICT) の一部である。
情報,情報技術,2007年の時点で、世界中に保存されているデータのほぼ約94%がデジタルで保存されていた。
情報,情報技術,一人当たりの世界の記憶容量は倍増するのに約40カ月を要した（3年ごと）。
情報,情報技術,データウェアハウスは、これらの異種の情報源を統合するために、1980年代に発展した。
情報,個人情報,「委託先の監督」義務の不履行。
情報,個人情報,2015年9月9日に追加が発令、2017年5月30日に改正個人情報保護法で施行された。
情報,個人情報,この区別は、データ主体アクセス要求（DSARs）に対応する上で極めて重要である。
情報,個人情報,個人情報保護法には、社会経済情勢の変化等を勘案し、おおむね3年ごとに見直しを行う規定がある。
情報,個人情報,又は、日を削除し、生年月に置き換える。
情報,中央情報局,フランク・ウィズナー（Frank Gardiner Wisner） - 次官、計画本部長。
情報,中央情報局,※APLAAの下に中華人民共和国や台湾省に特化した「中国局」が存在すると指摘されている。
情報,中央情報局,正力松太郎 - ティム・ワイナーの著書でスパイと名指しされた。
情報,中央情報局,コファー・ブラック (Joseph Cofer Black) - アフリカ専門家。
情報,中央情報局,専門は防諜（カウンターインテリジェンス）。
情報,交通情報,このころには各局1日あたり、6回から16回の放送が可能になった。
情報,交通情報,首都高速道路では、専門の担当者によってアナウンスされることがある。
情報,交通情報,このフォーマットは他の在京局が追随した。
情報,交通情報,道路上・付帯施設等での具体的な情報の媒体には以下のようなものがある。
情報,交通情報,多くは交通規制に沿う。
情報,情報化社会,また、そのような社会に変化していくことを情報化（じょうほうか）という。
情報,情報化社会,多くの研究者によって描かれている情報社会のネガティブなビジョンには次のようなものがある。
情報,情報化社会,つまり、「情報化社会とは情報がゴミと化してしまう社会のことだ。
情報,情報化社会,このような情報社会論、情報化社会論の類に対しては、いくつもの批判が提示されている。
情報,情報化社会,情報化社会には様々な類義語がある。
情報,情報学,例示であって、網羅するものではない。
情報,情報学,長尾真ほか編『岩波講座マルチメディア情報学』岩波書店、1999-2001年。
情報,情報学,ウィキペディアの記事名や構成の都合により調整してある箇所もある）。
情報,情報学,4はメディア論やコミュニケーション論を含み、社会情報学等と呼ばれる諸分野である。
情報,情報学,ISBN 4-7571-0120-1。
情報,情報番組,その他、バラエティ番組と融合させた「情報バラエティ」というカテゴリもある。
情報,情報番組,そのため、番組の中では「ニュース」という呼称が使えなかった。
情報,情報番組,情報番組は以下のように幾つかにカテゴライズされている。
情報,情報工学,ここでは、いくつかの大学の学科紹介などから（研究などにおける専門的な解説ではない）抜粋する。
情報,情報工学,また似た言葉に情報学がある。
情報,情報工学,工学系では1996年に大阪工業大学が最初に設置している。
情報,情報工学,学部名としては、1986年に設置された九州工業大学の情報工学部が最初である。
情報,情報工学,ISBN 978-4816916618。
情報,情報 (教科),「情報」の教職課程は、他の教科と併設されることが少なく、他教科と並行して取得することは困難である。
情報,情報 (教科),ISBN 4-304-04075-8。
情報,情報 (教科),この教科は「理系」と「文系」に分類しないが、科目により後述のとおり内容に若干の傾向が見られる。
情報,情報 (教科),現職の教諭を対象に免許所有者を確保してきた経緯から、現職以外の新規取得者への門戸は狭い。
情報,情報 (教科),これは「情報」の専門分野よりも教職課程において共通の必修科目である「情報機器の操作」の範囲である。
スポーツ,スポーツ,フィールドや環境で分類する方法もある。
スポーツ,スポーツ,スポーツと賭博の間の関係は国によってさまざまである。
スポーツ,スポーツ,総合競技大会の中でも最も大規模かつ著名なものは4年に1度行われるオリンピックである。
スポーツ,スポーツ,スポーツには様々な分類方法がある。
スポーツ,スポーツ,2009年には、世界の商業賭博総額3350億ドルの内、競馬が7%、スポーツくじが5%を占めていた。
スポーツ,日刊スポーツ,家庭版では番組ガイドなどに置き換え。
スポーツ,日刊スポーツ,1948年（昭和23年）5月27日掲載の「米国の裸体ショー」で全国初のプレスコード違反に問われる。
スポーツ,日刊スポーツ,競馬新聞より安価な予想紙として評価されている。
スポーツ,日刊スポーツ,ラジオ日本『日曜競馬実況中継』（2部前半・「万券請負人」コーナー）を歴任。
スポーツ,日刊スポーツ,静岡県東部・中部（大井川以東）は7版が販売されている。
スポーツ,デイリースポーツ,2010年3月1日に経営基盤の強化を目的として、デイリースポーツ社が神戸新聞社へ吸収合併された。
スポーツ,デイリースポーツ,デイリースポーツ（Daily Sports）は、日本のスポーツ新聞である。
スポーツ,デイリースポーツ,デイリーの「ー」が右上に伸びる形で、その下にスポーツという文字を入れていた。
スポーツ,デイリースポーツ,紙面でチームを盛り上げていくために導入した。
スポーツ,デイリースポーツ,取材記者にプロレス担当を設け、プロ野球のシーズンオフの時は3面も使うほどの熱の入れようであった。
スポーツ,スポーツ報知,2016年12月24日よりラジオ日本（土曜1部）メイン解説に着任。
スポーツ,スポーツ報知,1980年代まで、福井放送・福井テレビの番組表（ハーフ）が掲載されたことがあった。
スポーツ,スポーツ報知,※読売新聞（中部支社版）と同じ局名カットのデザインを採用。
スポーツ,スポーツ報知,この場合、東京版などで1面に出ている記事は中面にカラーでそのまま掲載する。
スポーツ,スポーツ報知,(120円で売られている中日スポーツへの対抗でもある)。
スポーツ,東京スポーツ,三嶋の部下として美浦厩舎取材を担当、東スポ競馬LIVEに出演。
スポーツ,東京スポーツ,レース部で中央競馬を担当後、1982年にケイシュウNEWSへ移籍。
スポーツ,東京スポーツ,2024年日刊スポーツ大阪本社に移籍。
スポーツ,東京スポーツ,紙面コラム『ニッコニコ馬券』の他、週刊実話で『推し活馬券』も担当。
スポーツ,東京スポーツ,吉田たかよし - NHKを早期退職して医師に転向。
スポーツ,スポーツ新聞,バックナンバーが注文できる版も、取り扱いが限定されているケースもある。
スポーツ,スポーツ新聞,スポーツニッポン（毎日新聞社系発行。
スポーツ,スポーツ新聞,通称“ニッカン”）：札幌、東京、名古屋、大阪、福岡、那覇。
スポーツ,スポーツ新聞,ただし、風俗店関連の広告は掲載されている。
スポーツ,スポーツ新聞,『レキップ』などが有名。
スポーツ,スポーツニッポン,2月1日 - 本紙が大阪で創刊（タブロイド版）。
スポーツ,スポーツニッポン,本田には興味がない」と明確に否定された。
スポーツ,スポーツニッポン,北海道日本ハムファイターズ監督に就任するまで、野球面に週1回コラム『熱中先生』を連載していた。
スポーツ,スポーツニッポン,Jリーグのスコア表記における韓国・朝鮮系選手の氏名表記が来日選手と在日選手とで異なっている。
スポーツ,スポーツニッポン,第75期以降は特別協力という形に。
スポーツ,サンケイスポーツ,日本サッカー界の字引的存在で、日本サッカー殿堂入りも果たす。
スポーツ,サンケイスポーツ,金曜日限定でつば九郎記事も配信している。
スポーツ,サンケイスポーツ,1982年（昭和57年） - 北海道新聞社、サンスポと提携し「道新スポーツ」創刊。
スポーツ,サンケイスポーツ,正木茂 - 大阪本社トラックマン。
スポーツ,サンケイスポーツ,購読料はAndroid端末が1，500円、iOS端末が1，600円。
スポーツ,スポーツ・ユーティリティ・ビークル,これは現代のSUVに極めて近いシルエットをしており、これをSUVの原型だと主張する説もある。
スポーツ,スポーツ・ユーティリティ・ビークル,Category:スポーツ・ユーティリティ・ビークルを参照。
スポーツ,スポーツ・ユーティリティ・ビークル,しかし「SUV」という単語の正確な起源については謎が多い。
スポーツ,スポーツ・ユーティリティ・ビークル,これは日本製乗用車の輸入台数を制限する代わりの、一種の優遇措置でもあった。
スポーツ,スポーツ・ユーティリティ・ビークル,さらには都市部でSUVの走行規制を呼びかける市民や政党も現れた。
スポーツ,スポーツカー,スポーツドライビングを楽しむことを重視した乗用車。
スポーツ,スポーツカー,スポーツカーには明確な基準は無い。
スポーツ,スポーツカー,フェラーリ・BBなど多くのフェラーリ乗用車がGTを名乗るのはこのためである。
スポーツ,スポーツカー,1913年のイスパノ・スイザ3.5 L車は、世界で初めてスポーツカーと呼ばれた車とされる。
スポーツ,スポーツカー,スポーツカーは自動車のカテゴリ中、最も古いものの一つである。
